{
    "total_nilai": 40242267225.020004,
    "total_dokumen": 10966,
    "total_nilai_sudah_tbp": 36429828227.020004,
    "total_dokumen_sudah_tbp": 10343
}